id,address,rating,good_one,good_two,good_three,bad_one,bad_two,bad_three,size,groupid
Ahmed Indian Restaurant 1,"11301 S Orange Blossom Trl, Ste 104",3.5,"We have been to Ahmed indian restaurant and it was one of our great food experiences in Florida, USA. The foods are just awesome so does the service. Thanks a lot and we would definitelt like to come back again...","We tried their lunch buffet, all dishes were cooked to perfection and service was great. Will go again!","The buffet looked too small, ...but it what was there was so delicious you didn't need anything more!!! And the service was exemplary as both service personnels were attentive and caring! A wonderful time was had by all!","Grill items were terrible - damn cook never ate kabob in his life; dry, skinny and disgusting and pricey compare to other good places . Everyone in my team was pissed.",Disgusting food! They served biriyani made with 2-3days old stinky rotten rice. Never ever go unless you wanna have food poisoning.,"Worst food ever !!! Don't even think of coming here ... Tried buffet it sucks .. Tried biryani my good ness it sucks ... It looked like colored rice... Chicken stinks and finally tea looks like a glass of water with some milk ...

Don't ever ever come here !!!",148,2
Ahmed Indian Restaurant 2,10042 University Blvd,4,"Highly recommended! Try them out. Great service and even better food. Lamb tikka is delicious! 

Ordered catering from their other location on OBT before and it was great! Must try!",Ordered via uber eats.. very flavorful and that medium heat on the spice is a kicker. Thank goodness i love spicy food. Ordered the seafood Kahari with a side of naan. Small portion but filling.,Great place delicious food it couldn't get better and a really convienent locatation. A must try,If you only eat Pakistani food. Do not eat here! Very bland. I've wasted too much money @ this place. Americans and Indians will love this place though.,"I can make better Indian food by myself. I placed an order for carry out, the portion of food was too small and the food didn't seem fresh and lacked flavor.",Service is worst. 25% Gratuity automatically added for 5 people. Also not informed of the auto additions of graduity and asking for more tip. High price and small quantity,139,3
Bachata Breeze Restaurant,5773 Curry Ford Rd,3,"AMAZING FOOD! Simple, delicious, inexpensive Latin buffet. The service is good, although servers can get a bit behind if the place gets busy, mostly on Sundays. It's a small buffet with amazing selections! Best Latin food in the area!!!!",For dancing this place is awesome! The food is suspect but good enough to eat. You can't go wrong with a buffet.,Great price $4.99for a Latin buffet.  Good variety.  Hot and very tasty. My family has been going twice a week.  Simple can't get a better deal.  Great value,Went In one night and the kitchen was closed but the actual restaurant was open?? Very confusing. I asked for a shake and they couldn't do it... Never went back! Why be opened when you aren't serving anything?,My husband and I both got sick eating here. The food was also unremarkable and the music was depressing.,Great price $4.99for a Latin buffet.  Good variety.  Hot and very tasty. My family has been going twice a week.  Simple can't get a better deal.  Great value,9,2
Backlot Express,351 S Studio Dr,3.5,Love it here - SO easy and reasonably priced.. A great option after running a lonnnnngggg marathon.,"Great quick stop.  Star Wars themed.   Good munchies like hot dogs , burgers, and chicken fingers.  

Beer too!!","Quick and convenient.  I used mobile order pick and avoided all of the lines.  
The cheese burger was good...  and the key lime dessert was amazing!!!!",Overpriced mediocrity at its finest. Disney taking advantage of hungry people stuck in a park that are willing to pay way more than they need to for bottom of the barrel food.,When McDonald's serves fresher quality food than you.. you're doing something wrong. AVOID,This place smells really bad on the inside and served me one of the worst burgers I've ever had the displeasure of eating.,130,2
Bamboo Garden Super Buffet,3125 Columbia Blvd,2.5,"Was there last night about 630, food was fresh, service was good. Good variety. Can't complain about anything. We will go back",This buffet is great. Ate there last Wednesday. Food was very fresh and plentiful. Mongolia BBQ is very good.,"NEVER had a problem here and we eat here once or twice a month, service ok food usually good and have the sushi each and every time and never a problem....","NEVER had a problem here and we eat here once or twice a month, service ok food usually good and have the sushi each and every time and never a problem....","Was there last night about 630, food was fresh, service was good. Good variety. Can't complain about anything. We will go back",This buffet is great. Ate there last Wednesday. Food was very fresh and plentiful. Mongolia BBQ is very good.,11,1
Biergarten Restaurant,1510 Ave Of The Stars,4,Always amazing! Sitting with a different family is weird at first but we really enjoyed our new friends. All the food is delicious and the entertainment is fun and authentic! Never been disappointed!!!!,"I have to say I was a bit skeptical when this place was suggested for lunch, but it blew me away ! There was no wait and the food and drinks were amazing. Not to mention the entertainment and service which was delightful. 
Without a doubt I will be back during my next Disney trip.","This is one of our favorite places to eat in Epcot.  The food is awesome (I happen to be a German food fan), there is LOTS of food, and the entertainment is excellent.  Go, eat everything and have a ton of fun.",Food wasn't that good. Had to wait in long like for small buffet. Had to share a table with another family which isn't cool. I was just mad at the whole experience. But the beer was good so,"Not worth the money. Food was mediocre.
 Empty buffet dishes were not restocked. 
 I couldnt even get the ONE thing I really wanted, a pretzel roll,
 because staff did not refill bread baskets.
Apple strudel served warm was hard, crunchy, and dry.
Very disappointed :(","Loved this place as a kid, not the same place. The Buffet was always out of the food you would expect from a German restaurant for example braut's! This restaurant charges premium prices and doesn't give a premium product.",601,3
Boi Brazil Churrascaria,5600 International Dr,4,"Ligamos antes para reservar no restaurante, fomos atendido pelo Alexandre que foi tão gentil e resolvemos conhecer, ao chegar o atendimento foi melhor ainda.
Preço justo e alta qualidade!!!
Sensacional!!!","Great place.  Service was excellent, great selection of meat, very well seasoned and outstanding.  Not as high end as other franchise places but the price isn't nearly as high.  Very comfortable and excellent food","Amazing authentic Brazilian style churrascaria, high quality food, great service, and affordable prices, overall the best of all worlds. My recommendation would be their bacon wrapped filet mignon.",Just horrible went with my mother and all I stared at for a long time was al bundy with his hands in his pants standing next to the bar. Food was horrible. And nobody spoke English wtf. Never returning again,"Do not eat here.  I walked in and was going to forgive the place not being as clean as Id like to see a restaurant, but upon inspecting the buffet, the food was all old.  You can tell from the way the top layers were dry...and then a roach walked across the buffet.  I left.","I went here on NYE. Maybe they were understaffed but the service was horrible.
The salad bar is not Texas De Brazil quality. It was not good at all, nor do I recommend anyone here. If I'm paying 40$ a person I'd rather go to another steak house.",374,3
Boston Lobster Feast,8731 International Dr,3,If you love lobsters then this is the place for you.  The lobsters were great. Raw oysters were good and the shrimp dishes were great too. The service was fantastic also.,Great value for the money. Sangria's to die for there. Quality lobster and crab legs. Desserts not so much.,Which restaurant or buffet will offer u unlimited lobsters or crab legs?? 50$ but delicious seafood with friendly waitress. Somewhere else u pay 20$-30$ for one lobster but here u can have how many u can eat. Its messy to clean that but its actually pretty cool work for the delicious meat.,"DO NOT GO HERE!! The food was terrible (bland, luke warm) and this place is way over priced! After eating here, I became very sick to my stomach!! I can think of a million other ways to spend $162!! (2 adults & 3 kids). We will NEVER visit this place ever again!!",This place... wow... it could be better. We liked the service but the lobster is so rubbery I could not even eat it. Place could be cleaner.,"Food HORRIBLE!!! $40 per person and not worth $10. 
Atmosphere- poor. 
Staff- good. 
Never again!",774,2
Breakfast with Goofy and his Pals,10100 Dream Tree Blvd,5,Kids?  Then you just have to do this.  It's a riot.  See for yourself.  Worth the cost for a kids adventure they will talk about for years.,The best!!! Seeing my 3 year old being so happy was worth the 46 Dollars mediocre breakfast,"Amazing experience. For a little more than the price of some of the other character meals, you get an amazing breakfast and plenty of time with Goofy, Mickey, and Minnie. They even include pro photos with Goofy.",Kids?  Then you just have to do this.  It's a riot.  See for yourself.  Worth the cost for a kids adventure they will talk about for years.,The best!!! Seeing my 3 year old being so happy was worth the 46 Dollars mediocre breakfast,"Amazing experience. For a little more than the price of some of the other character meals, you get an amazing breakfast and plenty of time with Goofy, Mickey, and Minnie. They even include pro photos with Goofy.",9,3
Buffet City,4551 13th St,3,"Greatest Chinese All You Can Eat Restaurant in St Cloud..., a huge variety of all kinds of Food... a little something for everybody ..... I do miss the Old Ice Cream Machine......Sushi Display is Excellent.... lots of parking. A++++",awesome food! you cant get good sushi for that price! a hidden gem for chinese food and sushi lovers!,"This place is fantastic! The food is tasty, people are friendly and the Sushi bar has a wide variety of delicious treats!!",All I have to say is DISGUSTING!!!!!!!!!!!! I feel filthy after eating here!!! We ate here before few years ago so we decided to stop by last night oh man never again!! Food was all cold the steak I order tasted like it smelled burnt just awful :( at least the waiter was fast and nice,This Place should change their name from BUFFET CITY to BARF CITY. I've spent my adult life eating at Asian Buffets but this clearly is one of the worst. From old re-steamed crab legs to oily soggy fried shrimp. In one word YUK! I left hungry! Every dish tasted the same. Not good!!!!,"So gross!  Watched an associate wipe down the buffet with a rag, use a bathroom stall with rag in hand, then continue wiping down the buffet with the same rag!!!",76,2
Cafe Gauguin,9840 International Dr,3,"Thanksgiving buffet has been fantastic! The food is plentiful and a large variety! Something for everyone of every age! Servers all have a smile, even tho they are working the holiday. Well done holiday buffet!","Came in for dinner Saturday, and rolled out. Came in for brunch Sunday, rolled out. A bit pricy, but when you can put cajon chicken, prime rib and lobster ravioli on your play all at the same time, it is worth it!","I think the people with me liked the dinner buffet better than I did. It was fine but very commercial grade food. 

Good selection. 

Not very crowded on the day we were there.",The buffet is 17 dollars and the variety is like the free breakfast at Super8. The food was out for a long time and cold.,If I could give zero stars I would. The food was terrible. Hands down the worst food we've ever had. The kids had the buffet and the adults ordered off the menu - food was equally terrible for both. $25 for the buffet plus an 18% tip - the biggest rip off in town. Unbelievable.,Caused a Easter disaster with a snafu on my credit card that never got resolved. Do not give them a credit card to hold your holiday reservation they will charge it and it's a nightmare to get it corrected.,49,2
Cafe Matisse,9700 International Dr,3,"Very good food, good dervice, and reasonable price. The buffet is not extensive but uou get the prime rib, and 2 or 3 other proteins, good salad bar, and good sides.
You also get 5 different desserts and ice cream
They have a good 25% discount coupon on the website of the hotel.","I only had a carry out salad here but it was very good with grilled chicken, candied pecans, and apples. They let me substitute the ""chicken salad"" kind of chicken it came with for ""grilled chicken"" that I wanted. 
It was a good size, fresh, and filling.","Pretty solid breakfast buffet spread. If you're going to serve lox AND smoked salmon, you're going to get a thumbs up from me. Excellent pork and chicken sausages too. Omelette bar is nice. But please take away the donuts. Gross and shouldn't be considered a breakfast food.",Worst breakfast buffet over priced and tip included at 18. Percent for only 2 people and its serve yourself it was $34 for us and the bar is Skippy with a lot of breads and things to fill you up. The best part was the omelet made to order. Hotel is great this place sucks,Very bad quality bread was frozen and old the rest of the food was old and over cooked just go somewhere better like ihop,Only serving soup and salad at the lunch buffet. I did not know that until I showed up because they did not publicize that information anywhere. Nice job management.,29,2
Café Osceola,9939 Universal Blvd,3.5,"I am never a fan of a hotel breakfast.  Over priced and just ok usually BUT I was pleasantly surprised here.  The baked egg avocado dish was amazing.  I highly recommend my fellow avocado lovers, try this dish!  I do wish there was outdoor seating but other than that, perfect!",Has Easter brunch with the family. Food was excellent and had great variety for the young ones to chose from. Our server was attentive without being intrusive.,Savor freshly prepared buffet chef cooking stations and a la carte menu items complemented by magnificent floor-to-ceiling views and the elegant décor of Spanish revival colors of blue and gold.,"The food was not very hot on the buffet. the server ask if things were alright,we siad not really. but instead of offering something 
else,she insisted on deserts.  Not worth 25.00 per person on a limited buffet at this price. do not waste your time or money on this restaurant.","We came to have lunch today and they offered buffet, we decided to go with it. Overall, a disappointing meal. Our server was friendly, but the food was very bland and mediocre to bad compared to many high star hotel restaurants. The beef was too well done. Hope they could improve on the food.",Really basic and not very good service. I felt like for breakfast they didn't care because they included an 18% gratuity.  The food was also not special. Just OK and for that matter have had much better buffets at many hotels.,59,2
Chef Mickey's,4600 World Dr,3.5,Yeay!!! Kids and grand kids had a great meal! nana was pleasantly surprised at how tasty and delicious her salmon was and the kids had fun taking horoscope with the characters... All in all a GREAT time... Worth the trip!!!,Very good buffet. Even having late in the day the food was fresh. The whole family enjoyed seeing the Mickey and friends,Had a great time here. Great atmosphere characters are great with the kids. Great variety for breakfast. You will have a great time with the family .,Horrible food. All the food in the buffet was lukewarm. Everytging I picked tasted like it had been sitting way too long. Had to ask twice for the characters to stop at our table. The price is ridiculous. Our waiter was exceptional. That is honestly the only positive thing I can say.,"Don't let them fool you, a reservation means nothing.  If you have small kids rethink this -
We were still waiting 30 after our reservation time and we came 10 min early to check in.  

Others here before us were clearly frustrated.","Do your whole family a favor...go somewhere else. Food was average, service was horrible. Our server couldn't be bothered to smile, I waited 20 minutes for a refill, and gratuity for the party was tacked on due to our size. So many better options in Disney World for character dining.",575,2
Cici's Pizza 1,7437 International Dr,2.5,"What can I say? It's just... Too much ahahha, the first time I ate there I was in heaven!!! Pizza and brownies??!!! LOVED IT!! if you want something YUM and for a very good price you should go to cici 's, one of my favorite places ... Seriously THE BROWNIES!! AMAZING!! lol","Almost didn't go there because of the bad reviews...  So lucky that I tried it anyway! It's not a fancy place,  but the pizza is definitely one of the best pizza that I have ever ate.","Muy buena elección a la hora de elegir Pizzas, gran variedad, todo caliente y fresco... excelente atención",First time my family and I were trying this place... it was not good at all!!! The service/workers were rude and not helpful. The food was low quality and very few choices. The pasta was crusty and the salad bar looked old. I would not come back again.,Es ist billig und so schmeckt es auch. Jetzt weiss ich auch warum so viele Amis mehr als dick sind.,"Um Gottes Willen. American Junk Food der schlechtesten Art. Nie wieder. 
Aber was will man auch erwarten. Platikbesteck und Pizza zum abgewöhnen.",103,1
Cici's Pizza 2,"11701 International Dr, Ste 2200",2.5,"Best Cici's I've ever been to. Large, clean, attentive and friendly staff, well-stocked buffet. Will come here again!","This is a super nice CiCi's establishment, very clean and presentable. Went for a late lunch, so it wasn't busy. But the pizza was all hot and fresh! This was one of the best CiCi's experiences I've had.",The best Cicis Pizza!!!! Outstanding customer service from the moment that you arrive. Roxy rocks!!!! Super clean and fresh!!! Must come back!,This place should be out of business. I had the worst food poisoning After eating here. If I could rate it a zero I would.,It's was ok food wise but they seemed like they didn't have much options for pizza and the cashier told us that we ordered water cups and not soda cups and wouldn't exchange them all in all I was pretty disappointed so Cicis pizza of Orlando Florida one step up you pizzagame and get better service,"One of the most poorly run CiCi's restaurants I've been to. Couldn't keep the bar up, staff was either rude or couldn't speak English, but every time you asked for something the just looked at you like you were stupid. No manager to be found. Paid for 5 people, left Hungry. Pretty sad place",33,1
Cici's Pizza 3,5035 W Irlo Bronson Memorial Hwy,3,"Great family restaurant! Prices are affordable, pizza was great and the salad bar had a good variety. The employees were also really friendly and the manager went out of his way to make our visit extra special. Would definitely eat here again if we are in the area!",Quer custo beneficio? É aqui o lugar! Não tem melhor! São 5 dólares ainda vem com varios tipo de Refrigerante refil! Nada melhor! Uma delicia! A sobremesa então nem se fala,"We came here after a long day at Disney an hour before close. Despite the late hour, the staff continuously helped supply us with fresh pizzas. 10/10 would recommend.","Went to CiCi's 1st time ever! Get in your car turn around head down 2 blocks to the Golden Coral the Lunch price is the same! You can even get pizza there too. Salad bar is 10X way better,fresher and safer than CiCi's! I was hoping it would be decent Sorry it's NOT!",It takes a lot of work to make pizza terrible.  This place did it.  The drink machines smelt like mildew and the ice in the drinks made my throat burn.  STAY AWAY!,"This place sucks. Made my roommate have the runs. Made him throw down the deuces. Yes you're paying 4 bucks for a buffet but its gross and does something weird to your stomach.

Don't do it!!! hahaha",56,2
Cici's Pizza 4,"13605 Sr 535, Ste 101",3,"New facility, well kept, pleasant atmosphere, always busy, surrounded by many resort hotel.","First of all staffs were super friendly and nice
And place was very clean and food was delicious . One of the best cici pizza franchise ive ever been.","So much food. So little money. Bargain pizza, salad bar, and dessert. Senior discount. All-you-can-eat. The cashier and busboy were friendly and helpful.   I tipped the busboy. Busy but not crowded. Lots of families and kids. Will this be the best pizza you ever ate? No. But it may be the cheapest.",this is the worst cici i ever be the one star is for the cashier really nice and helpful but service is bad the manager i think she don't l8ke her job definitely i never come back again,Sign says....Crispy Golden Good. Should read...Doughy Undercooked Nasty. Amazing this place is in business.,Came in to order a single pizza and was told it would take 15 min or less. I come in at 20 minutes and they tell me another 5-10 minutes. Just say 30 minutes next time!!!,35,2
Covington Mill Restaurant,1751 Hotel Plaza Blvd,4,"Great Lunch, great service, friendly and perfect service from our waitress, Erin! Perfect ""Create an Omelet"", $16. And, ""Chicken Tikka Masala"", $22. Don't let the casual atmosphere fool you, the food is delicious! We will return. Thank you.",Honestly the breakfast buffet was great! It's a big spread with everything you can think of. For the buffet as long as an adult gets the buffet a child gets buffet for free. Can beat it especially if you are staying in the Hilton,Had an incredible experience at the Character buffet breakfast! Every member of the staff was courteous and friendly. Food was delicious and we had a wonderful time visiting with a few of the characters! We will definitely come back.,Not too impressed. Our waiter strongly persuaded us to take the buffet and then we were told they didn't do poached eggs except by service. Staff in general were mediocre.,"Great Lunch, great service, friendly and perfect service from our waitress, Erin! Perfect ""Create an Omelet"", $16. And, ""Chicken Tikka Masala"", $22. Don't let the casual atmosphere fool you, the food is delicious! We will return. Thank you.",Honestly the breakfast buffet was great! It's a big spread with everything you can think of. For the buffet as long as an adult gets the buffet a child gets buffet for free. Can beat it especially if you are staying in the Hilton,18,3
Crazy Buffet 1,12237 Orange Blossom Trl,4,"The restaurant is very clean , food was hot and fresh. Gloves are provide when you are seated. And more available at the buffet. They are doing great job!","Excellent Chinese buffet, very clean very beautiful inside nice ambience. Friendly servers and staff, clean restrooms","I went yesterday with friends and I love the safety procedures. I feel save!! They gave you gloves to serve yourself. The food was fresh, yummy and very hot!! I love that!! The server was always asking us if we need something! Very clean place!",I think that it is a lack of respect to the client to place a limit of 6 oysters per person on a Saturday at dinner time. The person who opens the oysters is a rude disrespect they should improve the attention to customers.,"The restaurant is very clean , food was hot and fresh. Gloves are provide when you are seated. And more available at the buffet. They are doing great job!","Excellent Chinese buffet, very clean very beautiful inside nice ambience. Friendly servers and staff, clean restrooms",6,3
Crazy Buffet 2,7038 W Colonial Dr,3.5,"I love this place for lunch. Their food is delicious, always fresh when I have visited and this restaurant is always clean. The wait staff is very friendly. I look forward to eating here and I don't eat at many buffets. Crazy Good!",Omg...soooo good! The sushi was way better than I expected. The selection is massive. I will definitely come back!,I love this restaurant mire then any other buffet and so those my family. I recently moved from NYC and its hard to find food that is has good like we had. Back. Home.,Children prices are based on height so if your 11 y/o hit a growth spirt your paying adult price,"I just had dinner yesterdayfrom this restaurant, after comming back home, i had a really bad stomachache, I ate 3 oysters plus all the cooked items, not able to sleep all night because of the stomachache,  very disappointed.",Yuck!!!  Don't believe the good reviews.  We tried this restaurant  because of the good reviews and it was very disappointing.   Food was dry and tastesless bordering on disgusting.,247,2
Crydermans Barbecue,401 Florida Ave,4.5,I'm a self proclaimed bbq snob and this brisket is some of the best I've had. Ribs so tender you can't pick them up by the bone. So glad they opened for dinner. We will be back.,Absolutely delicious and worth the wait in line! Authentic and tender fall off the bone BBQ ribs! The turkey was seasoned perfectly and juicy. First time there and will not be the last!,"This is excellent BBQ !! A Texas feel with a Florida flair. Get here early though, when they sell out they close the doors. That's how BBQ is supposed to be served. Staff are courteous, the lines move quick and the music  offers an authentic experience. I'll be back and bringing some friends.",Not a good choice for traditional smoked turkey. I am convinced they are using a precooked deli style turkey breast. No smoked flavor at all and dripping wet. Very disappointing. Than,Not a good choice for traditional smoked turkey. I am convinced they are using a precooked deli style turkey breast. No smoked flavor at all and dripping wet. Very disappointing.,"Was served cold meat, small portions and over priced. Won't be visiting again. Really nice idea but bad execution.",119,3
Curry House Indian Cuisine,11352 S Orange Blossom Trl,4.5,Nice and clean place my husband had Chicken Madras and I had Vegetable Korma the food was great do was the service.,"Got the Butter chicken, Tikka Masala and Tandoori mixed grill for take out. All were so good! This will be our go to Indian spot.","First Indian food experience! 
I was impressed, it's very delicious. Unusual flavors, but so addicting",Nice and clean place my husband had Chicken Madras and I had Vegetable Korma the food was great do was the service.,"Got the Butter chicken, Tikka Masala and Tandoori mixed grill for take out. All were so good! This will be our go to Indian spot.","First Indian food experience! 
I was impressed, it's very delicious. Unusual flavors, but so addicting",16,3
El Palacio Buffet 1,909 West Vine St,4,"This place is delicious! 12.99 all you can eat OMG! Oxtails, puerro rican pasteles, all types of rice, meat plus empañadas de carne, queso etc. Salad, veggies fruit and ice cream. Still hungry? They have a Chinese food section too! Man I want to eat here everyday. Yum",Love the food here! Prices are great! People are so sweet this is a must come restaurant! The food is amazing Love the food here! Prices are great! People are so sweet this is a must come restaurant! The food is amazing,,"If you follow me at all you'll say what the hell is he doing there?   Stupid SOB.   LOL.   Well, the lot was packed Sunday at 3 pm so we decided to stop.   Ice cream was good.   Wings were ok.   I'm still here, no runs yet but I know where the bathroom is.","I was there 2 times. Food was great! But last week January 26, 2017 I decided to invite two friends to eat there. One day later we finished with food poison. We get so sick. Be careful!",Weird combination of chinese and latin. Very busy place. Waitstaff very attentive. Wasnt feeling adventurous to try all the organ meats and everything from a pig but the oink.,41,3
El Palacio Buffet 2,7403 S Orange Blossom Trl,3.5,Wow. I am amazed of how good the food taste here. I went for all spañish food. Everything taste amazing.  It's cheap and servers are nice.,EVRYTHING GREAT HIGHLY RECOMMEND. Price for dinner is 10 dollars drinks and everything included.,"Could you give me the location of your ""soon to be"" 2nd restaurant ? I know it is going to be a lot closer to my house. My wife is New Yorican so we love this restaurant, when we heard there may be a new one coming closer to where we live we was very excited.",I have a few employees that used to eat there. Until my Admin said that she found a hair in her food and couldnt eat. SOOOOO lets just say i wont ever make it there. Im sure if people are saying they dont wear gloves they dont give a crap about a hair net.,Disgusting and dirty. I was so excited to try the Latin buffet... This place is 95% Chinese. Flys. Flys were everywhere. Sagging and stained ceiling panels. It's hot because the ac is not sufficient and the whole place is just dirty and sloppy.,Place is horrible.  Dirty. Food not good temp on buffet. Bad desert. Over seasoned by cooks who clearly have no clue.  No idea how this has a decent rating.,157,2
El Palacio Buffet 3,843 Lee Rd,1.5,"If you like Hispanic foods this is the place to eat in Orlando. However, it could use some updating of the restaurant. The atmosphere is dark and outdated. With a little investment they could have a 5 rating.",This is the worst restaurant I've ever been to.  Staff is not friendly and the place was very dirty.  The food tasted cold and stale.  I actually had stomach issues for several days after eating there.  I will never go back again!,I was so excited to see this open up closer to home. What an extreme disappointment I must say. This is nothing like the one on OBT. I suggest you get the crew from the other location to train this one a little better.,This is the worst restaurant I've ever been to.  Staff is not friendly and the place was very dirty.  The food tasted cold and stale.  I actually had stomach issues for several days after eating there.  I will never go back again!,I was so excited to see this open up closer to home. What an extreme disappointment I must say. This is nothing like the one on OBT. I suggest you get the crew from the other location to train this one a little better.,The food wasn't restaurant quality and the service was mediocre even though there were more employees than customers.,27,1
El Potro,"501 N Orlando Ave, Ste 217",4,My favorite lunch/dinner spot!! So quick and fresh!!!  The staff is amazing and the owner is very hands on. Monett is my favorite!  She is always so happy and accommodating. The steak tacos are a must!!,"I love this place. The food is fantastic and authentic, the servers are friendly, the prices are great and the beer is ice cold! Some of the best Mexican food I've found in the area.",We love LOVE Mexican food and it is VERY hard to find authentic Mexican food.  El Potro is one of the BEST authentic restaurants we have found in Orlando.  From the first visit 10 years ago...still today the place to go for the BEST Mexican Food and MARGARITAS.  A must try!!!!!!!,This place plain sucks the food is not good at all. Dont waist your time,Blah.. nothing special at all. Nothing here was good besides the service. I ordered  the 2 tacos and a barrito . Stick to the chicken!  The beef just wasn't my thing.  They do fill the tacos with enough meat. The guacamole didn't taste good it was way to wipped. Ugh.,"This was horrible. Steak tacos were really gross. The tortillas and chips were stale. I love tacos and have never tasted something so horrible. Also I asked for no onions and I got onions. Bad choice, never going back to this restaurant.",252,3
Estrella Latina,7371 Lake Underhill Rd,3,Acabo de visitation el rest Estrella latina y Tiene nueva administration y la comida sabrosa .El especial de almuerzo a 3.99 todo el dia  .Los invito a que lo visiten Les VA a gustar,Amazing hole in the wall. If you're taking your food to go or enjoying it here expect great service and smiling faces. I personally don't like chicken when I go out I eat or for a fast food option but this place had rocking chicken! Swing by if you're looking for amazing quick food.,"Delicious Latin flavors, rotisserie chicken, beans and rice, avocado salad, fried sweet plantains, roasted pork, fried chicken chicharrones, tostones and the list goes on and on.  Great lunch specials!",Acabo de visitation el rest Estrella latina y Tiene nueva administration y la comida sabrosa .El especial de almuerzo a 3.99 todo el dia  .Los invito a que lo visiten Les VA a gustar,Amazing hole in the wall. If you're taking your food to go or enjoying it here expect great service and smiling faces. I personally don't like chicken when I go out I eat or for a fast food option but this place had rocking chicken! Swing by if you're looking for amazing quick food.,"Delicious Latin flavors, rotisserie chicken, beans and rice, avocado salad, fried sweet plantains, roasted pork, fried chicken chicharrones, tostones and the list goes on and on.  Great lunch specials!",8,2
Fresh Mediterranean Market,1500 Epcot Resorts Blvd,3.5,"This place has an AMAZING breakfast buffet! You won't regret it at all. They have a chef that makes fresh omelettes, waffles, pancakes, and French toast! They also have pretty much every breakfast item imaginable! But beware, you will leave stuffed!","Great, quick buffet, if you need to grab something and go. Attentive and friendly staff (Lahoucine, our server, was awesome).",Ate the breakfast buffet at the Dolphin and was impressed! Simply amazing. Healthy options. Fresh fruit. Almond milk and chia oatmeal. Friendly and attentive service. What a treat!,Tucker was awful. It took us an hour and a half for breakfast. The omelet was wrong and it took about 20 minutes to fix it. There were tables turning over before we even were served. Other servers seemed to be great.,Waited 45 minutes for our a la Carte breakfast. Cereal was wrong and they didn't bring milk. The biscuits and gravy was lukewarm. The sausage patties were like hockey pucks. How hard is it to bring cereal?!!  Worst Disney meal ever.,"If you're in the mood to spend the remainder of your vacation sick and on the toilet this is the place to go!
Seriously awful place, food is days old, the only thing they make fresh is the meats, but they don't marinate it well, they don't cook it well, none of the above.
Don't go here.",54,2
Garden Grill Restaurant,1510 N Cove Rd,4,"Amazing experience with the whole restaurant turning and the scenery, plus Chip & dale coming to the table with goofy . The food and service was excellent and I can't wAit to go back!!!","Come here hungry! The food is amazing, the characters are adorable, and they have sweet tea!","By far my most favorite place we ate in Disney! The whole restaurant revolves witch is amazing, but the food was phenomenal. I could of eaten here the whole vacation!","My least favorite meal at Disney. The food was cafeteria quality, way overpriced. I also expected more from the characters.","The food is fine but prices are beyond ridiculous.  $42 for lunch plus tip brings it to $200 for a family of four.  We found out the hard way.  If you are in the dining plan it's probably a good place to go but if not, steer clear.",My family of ten are currently eating at the Garden Grill. In the past it was a very pleasurable and delicious meal. This time flies were constantly landing on and flying around our food. As a DVC member I will definitely think twice before ever eating here again.,253,3
Gateway To India,790 E State Rd 434,4,"My husband and I ate here during the lunch buffet and everything was SO yummy. They also made rice pudding, which was amazing. Id pay extra to take some home. We would deffinately recomend this place, and will eat here again","I LOVE LOVE the food, THE CHILI BREAD & the service. 
I love this restaurant so so much 
I wish I could eat there everyday","Wish I could eat here everyday.. sometimes I do. Great people, phenomenal food, good prices. Their chicken tikka masala is the best I've had anywhere.","THIS PLACE IS AN INSULT TO INDIAN CUSINE.... Wasn't impressed.  I basically paid for rice and gravy.  An insult.  I must say to food was seasoned well, but, don't come if your hungry.  Total rip off.  10 oz of soda $4, 1 pc of nan $3,  enough rice and gravy to call a snack $10.",I don't know how this place has 4 stars. The lunch buffet is garbage. If you've ever had decent Indian food you would know this is crap. The selection is limited(lunch buffet) and none of the food is properly seasoned. So bland! Don't waste your money here. Go somewhere else!,Gross & disgusting. Worst food & service I've ever experienced. My husband's first experience with Indian food (which I love) was a total bust. Hair in my drink & waiter was surprised I wanted a new drink not that the hair was there.,189,3
Giant Panda,11726 E Colonial Dr,3,"My Husband and I love this place! Especially during lunch time, everything is fresh, great variety to choose from. employees are nice as well. No complaints at all.",Great buffet. So much to choose from and the atmosphere is pleasant. Service is good too. Probably one of the better buffets in East Orlando.,Great. Probably one of the best buffets in central Florida. The sushi was great and the food was good. Big selection to choose from. And I didn't even get to the hibachi which looked good as well.,"RUDE waitress slammed the check on our table and kept walking... overall the food was okay but after that rude ""customer service"", will not be going back. Train your employees to treat customers well even if they are having a bad day...",Food was cold and the service was bad. Also the front desk lady had a bad attitude. Overall bad experience definitely not coming back here. I do not recommend this place.,"Besides the poor quality of food, Giant Panda decided to add an extra $1 to their dinner buffet in the wake of hurricane Irma, while everyone else is offering 20% off. Way to support your community...",165,2
Golden Corral Buffet & Grill 1,11731 E. Colonial Drive,3,This location is amazing. Everything is so clean the food is delicious the management is amazing! All around an amazing experience thank you guys so much for everything. God bless you all,"Awesome prime rib and
 vegetables...unlimited salads ..and cotton candy..wow..my grandkids love it too!!!",Location was very clean and food was fresh the salad bar is to die for had a great time. Will definitely go back,"As a kid my family and I ate at Golden Corral all the time. I have fallen out of love with the place because the food is not like it used to be. It was very disappointing that on my last visit which will be my final visit, there was a cooked caterpillar/worm on my broccoli. Just gross!",Breakfast is awful. Not sure what the sausage was. Coffee was bitter. Eggs where dry. Bacon was salty.,Absolutely disgusting. I almost asked for my money back and I should have. My stomach felt awful for the rest of the day. The place is dirty and the food is gross. At least it's cheap.,74,2
Golden Corral Buffet & Grill 10,2328 S. Semoran Blvd.,2.5,Genuine kindness & true customer service. Sebastian was thoughtful and made a cake creation for my daughters birthday. :),"They remodel not long time ago. Very clean, my server was very attentive and food was delicious. I used to have issues there before, not anymore!","Best golden corral I have been to. All the food was fresh and tasty. The place was clean, including the bathrooms. The staff was friendly too. Would def go back !",Witness a cook eating on the line. DISGUSTING Called health department There is no number for corporate customer service. When I approached the manager he was not surprised. He said he would look into it. Really?,"Wow, this truly is low quality food. Pattie sausage honestly, smells like the petstore bags of dry food. Gravy is 100 percent cold and undesirable.","Food there is really bad, just lots of tasteless, bad prepared food. Don't mention the filthy bathrooms,greasy dirty floors and mess in the kitchen(you can see it when you are going to the bathrooms but once again go there on your own risk..they're disgusting.",64,1
Golden Corral Buffet & Grill 11,1555 Grand Hwy,3,"Our food was hot, drinks were full, and the table was cleaned often. Shane was our server and we had lovely conversations with her. She obviously loves people and we had a lovely dinner.","Impressive breakfast! my first time ever in this establishment. fresh fruit, cottage cheese, custom made eggwhites on spray (no butter), lean meats...
Enjoyed variety of healthy options !
choose wisely ;)",Phillis and I had lunch at Golden corral on January 26. I have been to several different Golden corral's in the area and this by far is the best. The salad bar is always fresh and clean. Everything just seems to taste better,"What are the hours? !!
Not posted on the door.
Not posted on the website.
Not posted on yelp.
10:30 am and no one answers phone.

Stupid.",It's just okay. The steak is tough. The entrees were decent. The hard thing for me to see was the ice cream machine. Filthy. I wonder if it ever gets inspected. The hot fudge container looked like it had never been cleaned. Ugh. Just an all around mess.,"Terrible, steak was raw and full of grizzle. Everything on the steam table was cold. The steam tables definitely. Needed to be turned up. Couldn't even melt room temperature butter on my corn on the cob!  Good place to open a restaurant",35,2
Golden Corral Buffet & Grill 2,7251 West Colonial Drive,2.5,"Usually not a fan of buffets but the food here was pretty good. Lots of selection and quick service.  Great for big groups. If I'm in the area and really hungry I would definitely come back. My favorites meatloaf, Mac n cheese, and bread pudding.","Nice. Came for breakfast, and everything was just fine. The people are wonderful and friendly. The food was fresh and hot. Nothing at all to complain about here.","We love this Golden Corral! The best item on the buffet line is the fried catfish- it's so fresh and delicious! And of course, the variety is worth the price. We love going here as a family for lunch!","Dump.  Food poor to fair.  Like walking around a zoo.  Worst dessert section of all GC's.  Slow , slow table service.","Way over priced with young children!!!
They advertise a child at $2.99, but do not honor that at this time.
Food was ok, but fruit was not edible.
Had to request various deserts, as none
was out. We will not come back","Food was mediocre. Very few healthy choices. Bathroom was gross. Drink server was slow but very nice. Overall however, not a great breakfast. Got there pretty late for breakfast, 10:30. Maybe that was the issue.",23,1
Golden Corral Buffet & Grill 3,5535 S Kirkman Rd,2,This awesome location is the only place to open to feed people after Irma on Monday evening!! So thankful!,"We had a great waitress who was very friendly in spite of just learning English.  This was a good place to get a hearty breakfast, quickly, that everyone enjoyed.  The price is very reasonable for what you get.","This place is prolly one of the best Golden Corral's I have been to.  The steak is amazing, their customer service is top notch.  They are all very friendly and accommodating no matter the request.",I ended up here with people I was at a convention with at the hotel next door. UGH! The buffet was small with not a lot of options and what they did have was not very good. The place was dirty and smelled. Worst Golden Corral ever! DO NOT GO HERE!,"There are good Golden Corrals...and then there are not good Good Corrals. 

This is the latter.

Small, cramped, dirty. Food was not fresh nor appetizing. Table was never cleaned while we were eating.

To boot, both of us were running for the bathroom after eating. 

Avoid.",Not all Golden Corrals are created equal. There are much better Golden Corrals in the area than this one. They have less options and didn't open on time Sunday and left us locked outside waiting from 7:30-7:45,75,1
Golden Corral Buffet & Grill 4,8707 Vineland Avenue,2.5,Best steak ever. Food is ALWAYS piping hot. A great place to eat in Orlando.,"This was a very good Golden Corral! It seemed new; very clean. Plenty of food on the buffet. Food was hot and tasted fresh. 

Some GC are better than other. This is definitely a good one! Plus, it was conveniently on the way to Disney World!","Egg-cellent breakfast! So many choices! Everything is hot and delicious!  Omelette bar - fresh fruit, assorted meats, waffles, pancakes, French toast.  Our waiter Freddy was right there with fresh coffee the entire time.  You can't go writing here!  We'll be back tomorrow!","We're from San Diego and were always teased by the commercials, as there aren't any locations near our home so we decided to try Golden Corral while visiting Orlando. I was disappointed with the food. It was boring and bland. I wouldn't eat here again.","I ordered a medium well steak and received a blood red burnt  piece of mystery meat. I went to return the piece of meat. the server ignored me, then handed me another burnt one. WHAT  A GOLDEN EXPERIENCE also their is no visible health rating anywhere THE ONLY GOOD PART WAS THE NICE waitress",I can't believe how bad the food was today at this restaurant. Don't bother going here and wasting your money.,165,1
Golden Corral Buffet & Grill 5,6077 W. Irlo Bronson Memorial,2,"I love it here , I didn't even want to leave lol . Sooooooo many food options as well as dessert options . I ate until I couldn't eat anymore ! It was just so yummy . All of the workers are so pleasant and friendly . I can't wait to go back again !","By far the best location I've been to. The food is always hot and fresh, and I have never had a better steak.","Our dining exprence at this location was the best! We enjoyed the fried chicken and mac n cheese, also our waiter was great she got us directions to the parks and made sure we were well taken care of. We're looking forward to returning soon. Thank you!!","Over priced, food stands designed to prevent customers from getting the foods. Tastes bad, the fish is cheap and rotten. Save your money, go some place else.","One star is being to good for this ""restaurant"" over priced food that isn't even close to ""good"". Not to mention more than half the staff speaks very poor English.  Save your money and time and find another restaurant in the area, there are many to choose from.",This place is to be avoided flies on the food bacon looked green dishes dirty I will never eat at any golden corral in Florida if your vacationing in the area go to sizzlers clean and food is fresh dishes are clean selection not as much but food is 100 percent better wish I could give a negative.,110,1
Golden Corral Buffet & Grill 6,11701 International Dr,3.5,"Quality place.
Great breakfast and lunch.
Only difference for diner is steak instead of slider.
Comfy prices and lots of choices",Pretty much the cleanest and best Golden Corral that I've ever been to.  Kudos to the management.,great price if ur on a budget the buffet is fantastic best ive never had for the price you get good quality food,"overly disgusted with this place which is down the block from universal studios.  it was dirty, understaffed and it smelled really bad.",Went in for carry out and they told me one price at the register and when i came back to pay they raised the price on me.,"Most food was not hot, most food was very dry, the shrimp were hard and very dry, and for thirty bucks I think you all can do better else where.
A very disappointing dinner experience!!!",116,2
Golden Corral Buffet & Grill 7,2701 W Vine St,3.5,"Five stars for the management and wait staff. The food was good, but the waiters and managers were patient and gave great service.","It was great, everyone was friendly and especially Howard the steak man. The first one u had was to raw, but Howard made one that was perfect, he also made sure everyone in line got their order before getting to window. Prime rib was a little dry but good, will always go back","Great selection of dishes, salad options and desserts. Very good service. If you simply want a great meal, this is THE PLACE.",How very disappointing my busyness is food no flavor the only thing that tasted good was the yams with marshmallow the people that work there they don't have a clue of what they going,"DON'T do it! It smells like mildew, there was used gum wrapped up in the silverware packet, hair in the food.....",How very disappointing my busyness is food no flavor the only thing that tasted good was the yams with marshmallow,54,2
Golden Corral Buffet & Grill 8,8032 International Drive,2.5,"Have been to several. Despite the afternoon crowd picking up, they were right on point. To sum up the service, staff and food only needs one word....AWESOME! The experience was Greatly appreciated!",Cleanest Golden Corral I have been to everyone was very friendly lady cleaning tables kept our drinks full and table clean I will eat there again when I'm in Orlando,This was my first time visiting this Golden Coral. I was pretty impressed. The severs were nice. The quality of food was great. Most of all the prices was really reasonable. I'm a fan . What I loved the most was the catfish. I was on vacation when I went to visit. I will for sure will visit again.,The worst food I ever eaten enen the salads were horrible soup nasty mac and cheese discussing also the ice cream was watered down I guess you get what you pay for 15 bucks down the drain,"If I could give this rathole a negative star rating I would. Complete dump, dirty, smelly, horrible food, servers were nice though, a bunch aloof but nice. Not a best foot forward representation of America, clientele there seemed to love their dining experience however.",Place looks and feels dirty and very.... Bleh!!! This has got to be the worse buffet I've ever been too...EVER!,123,1
Golden Corral Buffet & Grill 9,897 West Town Parkway,2.5,"Good selection of foods, would be 5 stars but the pot roast was pretty bland and the bourbon chicken while tasty was greasy as all get out. I love the carrot cake, the dessert selections are really good. Nice girl taking care of us, the girl who rang us up was super nice too.","Came here for lunch, $9, not a lot of meat this time, but it isn't too bad. About fruits, melon is great but orange is too old, not fresh. Desserts are amazing, I love chocolate cake and chocolate fountain
Meat 3/5
Fruit 2/5
Dessert 5/5
Price 5/5","They just remodeled and the food is the same, except they have just upgraded the quality of the steak which makes it worth the price.   I go for a large salad with the freshly cooked steak.","Used to be a great place to eat. Last few times there the food has been horrible. Both the food and the restaurant are dated and tired. 
Do not recommend! 
Went again. Should not have. The prime rib was tasteless and the shrimp were burnt! Will never, ever go back.","Used to be a great place to eat. Last few times there the food has been horrible. Both the food and the restaurant are dated and tired. 
Do not recommend!",I would find somewhere else to go Sunday after 7.  This place looks like it was put through the ringer and out the other side. Short staffed and the salad bar looked like there was a food fight before we showed up. It was just not a great experience.,64,1
Harvest Bistro,14100 Bonnet Creek Resort Ln,4,"Breakfast buffet was great( free for HH members ). Kids eat free, which is nice. 

Dinner was really good too! Pizza was homemade and delicious. Kids eat free for dinner too!","Food was good. Great selection. Jeffrey was the best waiter I've ever had!!!! His service is excellent, every time I needed something he was already getting it. He even recommended a bunch of places for us nearby too which was nice.","For free breakfast at the Hilton, this place is legit. Great food!",The burgers were decent. But I would not recommend eating here. I paid $38 for the thinnest ribeye I've ever eaten. I was starving bc of the wait so I had to eat it but I wanted to share a pic.,Here at breakfast in Central Florida (orange grove territory) but disappointed in the quality of the Orange Juice served at this popular Hilton Hotel breakfast restaurant called the HARVEST BISTRO.,"Pass on this place- No good hotel food. Salty, dried out chicken, bland salads, overpriced for the quality. Good service.",84,3
Hokkaido Chinese & Japanese Buffet 1,5737 W Irlo Bronson Memorial Hwy,3.5,"Excellent place! My expectations were far exceeded. The price was very affordable at $12 and they had everything the expensive buffets feature. Clams, blue crab, several fresh kids of fish, a raw bar and huge sushi selection!!  Wow!!!","very good and save more when you use 20% off coupon on yelp.
The waiters are friendly and you should never miss it!","Best thing to happen to 192 in years! The food is fresh, and varied. The staff is super friendly, and the price is family friendly. We will definitely be back (3 time in two weeks already!)",This is a worst place I have never been. All servers are talking while I ask for some helps. The host does not care about their customers even tho we are just standing in front of her. I would like to give 0 star if I can!,The food was tasteless. I probably ate only half a plate and could not eat anymore. The food I tried all had no flavor.,"holy moly - overhyped trash. don't bother. almost everything is breaded and fried to oblivion, and the sushi is literally chewy. stay away",401,2
Hokkaido Chinese & Japanese Buffet 2,12173 S Apopka Vineland Rd,3,a huge selection of sushi and a great buffet. unbelievable price for the selection and quality. I was very satisfied and will be back.,The hibachi is really good and the service here is really good! The waiters were very patient and honest.,"I have to to say I came in with not super high expectations, but this place was very impressive! There was so much to choose from and so many ingredients you can choose to make your own hibachi. We'll probably visit again next time we are around!",Worst buffet.  Food was COLD. I would never go again.   The fruit was warm.  Nothing hat should have been hot was hot.  I was scared it would make me sick.,All the food was fresh since we got there at opening but flavors were awful. I think the only thing that had good flavor was the ice cream and sodas.,"If I can  I would give it Zero star. One of the worst restaurant I ever been to. Food is cold, fruits are rotten .There is no Oxygen in there , u feel dying and can't breath .",331,2
Hollywood & Vine,351 S Studio Dr,3,My favorite Disney breakfast buffet and character meet and greet! Their cheesy grits hit the spot on a cold November morning! They even have an omelette station for the adults made to order! Best tip - be the first family in at 8 am for a special surprise!!!,This was the highlight of the trip for our five year old.  She loved dancing with the Little Einsteins characters!  We enjoyed it so much we stopped by for lunch on our last day.  Both times we had excellent service and great food.,"Always a great meal at Hollywood and Vine!  The prepared fare is always fresh, and the carving station has the best beef and turkey.  Don't miss dessert, because you won't find better chocolate covered strawberries anywhere!","Extremely expensive, $50 per person for lunch, and the food was cold, the fish was not fresh, the macaroni and cheese was sticky, the salad was watery, and even the wine was bad. Never again!",Never saw the prize and wasn't told it was a buffet until we actually sat down. Later found out it was $52 per person.,For the price I expected better.  It is a buffet.  However for lunch they charge $30.  And the choices were extremely limited (I doubt there were even 20 items available).  Even at Disney prices this was ridiculous.  Never again.,287,2
Ichiban Buffet 1,5529 International Dr,3,"Great food for a great price! A variety of desserts, sushi and seafood! Food tasted fresh and hot. Was skeptical at first due to the location but was very surprised. Will be back!",Great food. Fast seating for a party of 10. Great service. Highly recommended for your dining pleasure.,No doubts it's the best buffet for that price. I'm satisfied for  great food decent service,I went there for lunch. I got food poisoning from their food. I don't know whether it was from the sushi or Chicken. Will never go there again!!,"Wouldn't give them one if it weren't required. Food is l o u s y. Im so disgusted I dont even want to write the review but, it is so so necessary.",Worse food I have ever had.DONT GO HERE! The food is a joke. It looks unsafe and I really wish health inspection checks this place out. It's scary to eat from such places.,434,2
Ichiban Buffet 2,735 N Courtenay Pkwy,2.5,The waiter was pretty nice and the food was good. Especially the green tea ice cream.,Good selection and the food is surprisingly good considering my Northeastern palate.six steam tables plus a sushi  station make for a large selection. The wonton soup and buttered mushrooms a excellent,This place has gone downhill.  And what I mean by that is it has gone from bad to worse.  Came to try it again and I believe this will be the last time I eat here. Sad thing is its the only Chingy buffet around.,Been there a few times and it went from mediocre to horrible. I will never set foot in this place again. The food is bland and ill prepared. I have never had such bad Chinese food.,"Please-this place is the worst of the worst. Cold, greasy food-a grille that appear to have never been cleaned. Kenny G Christmas carols playing-it's freakn July folks. Stay away-stay away!",This place has gone downhill.  And what I mean by that is it has gone from bad to worse.  Came to try it again and I believe this will be the last time I eat here. Sad thing is its the only Chingy buffet around.,31,1
Ichiban Buffet 3,5269 W Irlo Bronson Memorial Hwy,3,".
Very good food, I believe it's the best in the area. Very good sushi bar. Also the soup is Emmy. Good service compare to the same category. 
                 .","Lots of food, great hibachi, and great service.   I wish the sushi chef would speak more English though.","$6.99 lunch buffet. Crab, sushi, all the standard hit dishes and a large variety of seafood. All very good. Was shocked what was available on the buffet. I wish there was one of these where I live. No question that this place is great!",I always go here but I have to find a new place to eat.  The waiter picking his nails over our food.   NASTY! Very disappointed!,First time having Chinese in Orlando Food could of def been better! And like usual they rush you to pay and leave! Two thumbs down!,Terrible service.  The staff's pretty lazy.  They started cleaning an hour before closing time and demanded we leave half an hour before they were supposed to close so they could leave earlier.  Also gave us $58 change all in ones.,495,2
Ichigo Ichie Buffet,3611 S Orlando Dr,3,"Pretty good for a Buffet. This is the best of it's kind in Sanford. Very staff, Good food and for a buffet the sushi is Quality stuff!","This is the best buffet you should go there. There food is good quality,the price is very cheap.",This place is great! The selections of the buffet is big and plentiful.  The food tastes very good and the servers are responsible and tend to you quickly.  Great place to eat with a group. Recommend!,Oh heck no after they failed their health inspection I'm definitely not coming back because the food didn't taste all that good and it wasn't that my cup of tea.,While sitting eating our food a cockroach crawled out of the napkin holder and across the table. When I told the waitress they didnt even take the napkin holder off the table or find the roach they just wiped the table and sat someone new in the seat.,"I'm ill. My neighbors invited me out to dinner and took me here. The only thing hot was the soup and I'd say it was closer to warm. Everything else I tried was tepid, like before. I finally gave up. 

I won't be back.",76,2
Izziban Sushi And Korean BBQ,5310 E Colonial Dr,3.5,"BOMB DOT COM!!!! I'm telling you guys, this place opens til 2am, all you can eat, sushi, Shaba shaba, and Korean bbq. I'm so surprised with the service and interior design too. I'd definitely recommend going here. Price is pretty good too, but if you're hungry, where else would you go?? 5stars!!!",Great lunch specials and amazing korean BBQ. The one on E colonial also has great scenery and is open late. Jist wish you could sit with friends when they get Korean bbq and not yourself.,"Great place to go if you have late night hunger. The drinks are super cheap and the food is decent. Don't expect high quality sushi, but it is included in your ayce. It's pretty good for the price.",2nd time last time all the meat was frozen and very fatty I said chicken not pork Dumas,"No. Just don't come here. No direction or explanation on how to cook the meat, meat is poor quality and service is SLOW. Very disappointed. Would not recommend.",Shady pricing practices like adding a mandatory 18% gratuity to your bill or charging $30 extra if their food tasted bad and you don't want to finish it. Not to mention that preparing BBQ in non-stick pans is total nonsense.,848,2
King Buffet,2157 E Semoran Blvd,2.5,First time here driving through town and I wish I lived closer!  This buffet has the best Chinese food I have ever had at a buffet. Sushi was spectacular!!  Very impressed and I'll be looking for one closer to my home now.,Sometimes you go to a place and they have that salmon where you be like 'is this real?' And then you question it for days to follow when it feels like there's a squirrel fighting a python in your belly. Not this place. Their salmon is real. 100% real.,Its all all you can eat so come ready to eat and it have a little something for everyone plus the price is not bad and you spend under $10 for each person depending on the time.  Eat as much as you can because you pay for it.,"This place is extremely dirty ,cockroaches running around and if you want food poisoning then go here. Management is horrible","Do NOT GO HERE,food always looks old and everytime I get put of eating here I come put with diarreah,worse buffet ive been too in a while,guess the price matches the shit food.","This place is labeled to be ""voted the best buffet"" however there is nothing spectacular or out of the ordinary about this place not the best. The food is mediocre but the seafood pasta was outstanding. It was ok at least.",30,1
Koywan Hibachi Buffet,"945 W State Rd 436, Ste 1179",3,Very modest lunch prices. Fresh fish in the sushi bar. Hibachi bar was tasty and fast. Good variety expected at an Asian buffet.,Great selection of fresh sushi(on a Saturday night). Great choices for seafood and vegetarians too:),The best sushi in the whole world believe me I've been to almost all 50 states this is top of the line for a buffet. We come out of our way just to eat here and it well worth it!,"Food was ok, but not worth the price. Hostess was argumentative.  Not everyone likes seafood.  Every chicken dish was right next to some type of seafood so almost everything tasted like fish.  I'll never waste my money here again.",I drove 45min. Out the way for good buffet and all I got was old cold food. TBH if a food safety inspector came the would be shut down. Old tasteless food for 13 a person no thanks never again.,"Ten reasons why you shouldn't waste your money in Koywan Hibachi Buffet because it is dirty, Unhealthy, and unfriendly............to be continued.",292,2
La China Blue,3749 S Kirkman Rd,3.5,I live in the area and this is the first time I have tried this restaurant. It wont be the last. What a deal!! The place is very clean and the food is very good. I would recommend this buffett above any in town.,La China blue was outstanding! From the moment I walked in it was nothing but a great experience.   The staff was very friendly and the food was great! Would recommend if you are in the area or if not in the area to drive from wherever you are if you're in the mood for some great Chinese food!,"Wow grate food recomended to come and eat
Clean and nice place .nice service love it. I recomended to try this food you will love it",This place is horrible. Food is awful and they do not restock the items. Do not go here. Very disappointed that I relied on the yelp reviews. Definitely would never come back,This is the worst buffet I've ever experienced. It ruined my day and made me sad. It reminds me of a scene from Napoleon dynomite,"Was craving crab Rangoon, so only ordered that to go. Was the worst I've ever had. The outside was crumbly and powdery and under cooked, filling was dry and bland.",39,2
La Cita Country Club,777 Country Club Dr,3,"Went to dinner there last night. We didn't have a reservation, but they took us in anyway. The meals are Awesome! I had a chicken salad, my hubby had the roasted chicken, and Gwen had the ""Boil"". Mom did a soup and dessert. We were impressed.","Now open to the public, we eat here often. Last night was ""PRIME RIB NITE.""  Mmmmm.  We had other options, & the salmon was very good. The PRIME RIB was Exceptional!!!","We went last night for the prime rib 
At 6:45 we were told they were out of it except very well done ! Very disappointing! When we were ready to leave the manager came out of the kitchen with some mor prime rib ! After we were told no more ?! Won't go back !waste of money !","We went last night for the prime rib 
At 6:45 we were told they were out of it except very well done ! Very disappointing! When we were ready to leave the manager came out of the kitchen with some mor prime rib ! After we were told no more ?! Won't go back !waste of money !","Went to dinner there last night. We didn't have a reservation, but they took us in anyway. The meals are Awesome! I had a chicken salad, my hubby had the roasted chicken, and Gwen had the ""Boil"". Mom did a soup and dessert. We were impressed.","Now open to the public, we eat here often. Last night was ""PRIME RIB NITE.""  Mmmmm.  We had other options, & the salmon was very good. The PRIME RIB was Exceptional!!!",6,2
Lai Lai Chinese Cuisine & Sushi Bar,"7400 Southland Blvd, Ste 116",4,"You can beat this buffet for the price. I went for the sushi and that was as delicious as can be. It's a simply menu, done right. Will definitely be one of my go to food spots.",Ask for the Gil roll. Its not on the menu but its a Ping speciality and its awesome!!,A place where the staff remembers you from years ago. Super nice and funny people. The place was very clean and sitting at the sushi bar was very accommodating. The sushi was pretty good too.,"Horrible horrible horrible. Extremely dried out food and they wouldn't cook anything fresh in there buffet.
Way over priced for what you get. Stay Away.","Came here for lunch today for the buffet.  Like a couple of the Yelp Reviews the buffet portion is not good at all.  Maybe the dinner and sushi portion is better.  No variety what so ever, taste wasn't bad just wish it had more vegetable/meat choices besides.  Im sorry I won't be coming back.","Went on a Friday mid-afternoon and the buffet food was not only cold, but hard as well. It seems like the food has been sitting out for hours. I would not recommend this place at all. The staff was also watching over my son as if he was going to steal something.",68,3
Latitude & Longitude,8701 World Center Drive,4,This is my third time visiting the Marriott and my 12th time eating breakfast here. They have a huge variety of food to eat and great staff and cooks. Enjoy!,"Delicious food. Their steaks are outstanding, and I recommend trying their banana dessert! 
Great wine list, great service, highly recommend.",We enjoyed Latitude & Longitude so much that we came back two night's in a row. The Cheddar Poppers bread is wonderful way to start the meal. We were happy to learn that we could get a side salad with our meals. I enjoyed the Grouper and my daughter loved the Bacon Mac & Cheese.,"You will be disappointed but you'll not starve to death. Very cafeteria style food, but again you'll not starve to death.",Overpriced hotel breakfast buffet that doesn't match the pictures on the website or on yelp. There is no Bloody Mary bar as shown on the pictures. Not nearly as many food options as shown. Very plain and simple buffet. Don't waste your money.,This review is only for their breakfast. I was here for a conference and luckily they reserve a closed off section for us. The prices are ridiculously overpriced ($6 for an egg?!) but it would make sense being in a super touristy area near Disney. The service was super excellent though.,29,3
Lechonera Latina,3806 Curry Ford Rd,3,A woman here charged me extra for my dessert. Women become miserable and envious and proceed to do things like this.  Grow up and do your job correctly.,,,A woman here charged me extra for my dessert. Women become miserable and envious and proceed to do things like this.  Grow up and do your job correctly.,,,5,2
Mandolin's,2900 Parkway Blvd,2.5,Im staying at the Radisson hotel and we had dinner at Mandolins and the food was great. i had the Cuban half roasted chicken with plantains and rice. My husband had the grilled salmon and roasted vegetables. We also had calamari for an appetizer.,The lunch was great and the staff was super kind. Plus it is right on the Grand Resort's premises.,Well we arrived with out a single person in the dining room and waited over thirty minutes and the food comes out cold very disappointed a waste of time!,Well we arrived with out a single person in the dining room and waited over thirty minutes and the food comes out cold very disappointed a waste of time!,Im staying at the Radisson hotel and we had dinner at Mandolins and the food was great. i had the Cuban half roasted chicken with plantains and rice. My husband had the grilled salmon and roasted vegetables. We also had calamari for an appetizer.,The lunch was great and the staff was super kind. Plus it is right on the Grand Resort's premises.,12,1
Mei Asian China Buffet,"8255 International Dr, Ste 126",2,"I love this place, it is definity first choice to have a meal, I have  been here several times, the food is always good, as well as excellence service. the price is reasonable, it is so worth it. I will definity recommend this place.","Excellent food and service , especially the crawfish!! I love them! The crab is also pretty good . 
With a 14.95 price , this is totally worth it!",Great food! Everyrhing was Hot and Fresh! Ate soooo much! Had to chill before we left...,Don't bother.   Unless you want about 6 or so types of fish there is no point going.  Nasty. Save your money and your stomach.,This whole thing. Bad. Old food. Chicken was soggy. Salmon undercooked. No ice cream names. No chop sticks. It just sucked.,Worst Chinese food ever. even chicken nuggets were bad don't eat here the food taste old and slimy,139,1
Mikado Japanese Seafood Buffet,"851 S State Rd 434, Ste 1130-1170",4,"The service was great, the food was great, it's tasty and has a good variety, bonus points for having my favorite dish chicken Katsu just put it on a bed of rice with some tempura sauce perfection. All of the food is delicious, the squid, seaweed everything.","Went here today for lunch and was very impressed! Everything seemed so fresh and well made, even the sushi was totally delicious! (Which definitely isnt the case with most other buffets.) Definitely coming back again soon!!","What a treat!!! Spotless, exceptional service and delicious sashimi, sushi and salads.  Good food for non sushi eaters also!  Strongly recommended!","I been there today, 25.95 per person which is over priced ! The taste was not real Japanese food and the rice was over cook ,hard to bite like fried rice!","The food was old not fresh and drenched in oil.  I think the food was packed with MSG, we both felt sick by the time we arrived home. All you can eat for $23.00. The meats for the hibachi were slimy and sticky. The bosses seamed stern and the help scared.  I will never go there again.",Never coming back we were ignored and the server didnt even came to our table to say hello or to at least let us know she or he was the person for....we were given the wrong drink and finished our first plate of food and I have to stand up and ask if we even had one.. Never coming back,349,3
Minnie's Silver Screen Dine,351 S Studio Dr,3.5,So this dinner buffet was delicious but was not as special as some of our other Disney dining experiences. It's definitely worth it for the characters though. Cocktails were just ok. Desserts were very good.,"Food was great and service was prompt but seriously who charges $30 for a kids buffet (and $50 for adults) when all they eat is corn dogs, chicken nuggets and mac and cheese. Do yourself a favor and ask what the cost is before you sit down.",,"Food was great and service was prompt but seriously who charges $30 for a kids buffet (and $50 for adults) when all they eat is corn dogs, chicken nuggets and mac and cheese. Do yourself a favor and ask what the cost is before you sit down.",So this dinner buffet was delicious but was not as special as some of our other Disney dining experiences. It's definitely worth it for the characters though. Cocktails were just ok. Desserts were very good.,,5,2
Moghul Indian Cuisine,401 N Semoran Blvd,4,Delicious food and super attentive and friendly staff! The vegetarian options are so good. We will definitely be back.,"Great Tikka Masala, fresh naan and great service. Definitely OUT of my way but worth the trip!!!!!!","I've already eaten here several times.
AMAZING Indian food, and I'm Punjabi, so you know I won't tolerate mediocrity.

Luxurious decor inside, excellent service, halfway decent prices.

Don't you worry, I'll be returning here again.","One of the worst Indian restaurants I've ever been to. The food was so bland, very few options at the buffet and service was terrible. We asked for a bowl and they told us to fill 5 tiny sauce cups. Seriously?! Horrible, insulting service.",Food did not sit well with my stomach! It seems I am not the only ones reading the other reviews. Shame as the food tasted quite good!,"Been a regular for years, experienced the worst client experience today in front of the owner from his new waiters. Ill be trying the Indian restaurant down the street from now on. Awful employees that discriminate in applying policy.",290,3
Nine Spices Hot Pot,5320 S Kirkman Rd,4,Restaurant is very clean. Good variety of food to chose from for the all you can eat. Excellent service!,"Soooo good, fresh and very healthy. I come here every time I'm in town. love this place.",It was amazing and is worth the try! Servers are great and recommended a lot of stuff to us!,Food was not fresh. Serve was nearly nonexistent. Asked for clams and did not receive it during the entire visit. Server did not visit our table even once.,"So. When the staff can't identify what is in your bowl, that's a good indication you should not put it into your body. 

Made that mistake. The squid balls came back violently. 

#foodpoisoning","Don't eat things the wait staff can't even identify off the conveyor belt. Should have been a no brainer on my end to avoid food poisoning, but alas here we are. 

Stick to beef or just don't eat here.",506,3
Oreganatta,6320 International Dr,2.5,"For the price, the food is amazing. The pizza is fresh and very good. The pasta is good too, fresh Alfredo sauce. Salad and desert is sub-par. Overall, a very satisfying experience.","No conozco mucho de restaurantes Italianos (mi comida favorita en el mundo) aquí en Orlando, pero este sitio lleno todas mis expectativas, buen precio, buen ambiente y sobretodo y Un agradable servicio. Lo recomiendo con los ojos cerrados","Food was good and very fresh, everything was made on the spot. Dessert selection was very good. Place was very nice, bathrooms were very clean. Also the staff was super helpful. Definitely a family style place to take a break from the usual buffet choices.","Did deserve the one star, my family and I came here we didn't enjoy it at all. Go Cici pizza or stay  home and cook.","Not as advertised. Waste of money. So bad we left hungry and had to go somewhere else to eat. Only 2 types of pizza. Cheese & pepperoni, very bland. Some salad toppings with stale croutons. Pasta with watery sauce and chewy dark meat chicken.",If I could give them 0 stars I would I walked in made to pay before I even looked at the buffet which they on purpose over charged me for my kids buffets the buffet was crusted over and dry nothing refreshed I asked immediately for a refund I will never return,76,1
Phil-Asian Foodmart,2650 N Orange Blossom Trl,4.5,Went here on a weekend and they have a buffet food and pastries are very good. Theyre very helpful and friendly too.,Love this place! Feels like you are eating at a friend's house. The owner was so nice and accommodating. They serve buffet on the weekend. Price was very reasonable. Can't wait to visit again when I am back in Orlando.,"Excellent chicken adobo, the rice awesome. The place is nice and friendly. I can't wait to go there for there pancit.","Serving food everyday from breakfast to dinner. Buffet on weekends. Balik-bayan boxes, phone cards, money remittance, filipino groceries and more! Good costumer service. Parking sometimes can be a hassle specially during lunch time this place can get very busy so plan of arriving before rush hours. Serving food everyday from breakfast to dinner. Buffet on weekends. Balik-bayan boxes, phone cards, money remittance, filipino groceries and more! Good costumer service. Parking sometimes can be a hassle specially during lunch time this place can get very busy so plan of arriving before rush hours.",Went here on a weekend and they have a buffet food and pastries are very good. Theyre very helpful and friendly too.,,14,3
Plaza Garden Restaurant,9000 International Dr,3.5,"A really good amount of choices at the breakfast and dinner buffet! Clean and friendly, reasonably priced too! Different daily choices keep it fresh! We eat here often even in this area crowded with restaurants!","Horrible food. Dry turkey, dry pork, flavorless sides. Terrible service. Don't spend your money. There are better places to go.",,"Horrible food. Dry turkey, dry pork, flavorless sides. Terrible service. Don't spend your money. There are better places to go.","A really good amount of choices at the breakfast and dinner buffet! Clean and friendly, reasonably priced too! Different daily choices keep it fresh! We eat here often even in this area crowded with restaurants!",,6,2
Ponderosa Steakhouse,7598 W Irlo Bronson Memorial Hwy,3.5,Absolutely Perfect. Food was excellent service even better. Couldn't ask for a better establishment.  If there was an option for 10 stars I would give it.,"While in the area decided to stop at this location for lunch. The food was good but I would like to give all my starts to the service. 
I was served by ""Willie"" and his service, courtesy and attention were just excellent.","Great value for money, food was nice and excellent customer service. Will be visiting again!","Horrible buffet.  Dry chicken, dry hard meat loaf, ice cold pasta with sauce that tasted like canned tomato paste. Yuck!",The server was excellent however they did not have a lime for my Corona. Also they gave me a plastic bag and foil for my food to go. The food was alright. I've had better. All in all. It was okay.,We stopped in because it was right beside our hotel. Everything on the menu is frozen so don't get your hopes up. It wasn't terrible but I wouldn't eat here again. Kids meal plus buffet is 6$. Adult buffet is 12$ or you can order anything from the regular menu and it includes the buffet.,21,2
Rosen Inn Lake Buena Vista,8442 Palm Pkwy,2.5,"Perfect hotel if you are just going to the parks and needing a place to crash. Clean , comfortable. We have kids and it was perfect. Wifi is slow but we all need to disconnect anyway.  Family vacation means spending time with one another not surfing the net.","Thank you Marco ! For the great service at check in!
The Room is nice, small but will do since we aren't in it all day! I would recommend this hotel !","Great hotel for what you pay for, am definitely gonna stay here again, rooms cleaned perfectly everyday, beds made, new towels, free wifi, everything at a great price. Would recommend to everyone",Service pretty much sucks here the management need to focus on customer service and not pass on the blame,"I was so excited about staying at this hotel. I called before and told them we would be arriving late. I get there to check in, and was informed they overbooked and are sending us to a sister hotel. I was informed it was better than this hotel. However it wasn't and was very disappointed.","Check in was at 4pm is what we were told when i arrived at 3. When i finally got my room it smelled like it was just moldy and cold in the room,  got this from groupon, needless to say i will never go back.",145,1
Saffron Indian Cuisine 1,7724 W Sand Lake Rd,4.5,"Came here while on vacation in Orlando. Man oh man was that some tasty chicken! Just the right amount of spicy, the rice was fantastic with pretty good portion size. It was a little on the pricier side, but nothing outrageous for Indian food. If you're in the area, I would definitely recommend it.","The BEST indian restaurant in Florida. I've tried every single indian restaurant in south florida, and if Icould I  would drive to Orlando each month to go to Saffron! Incredible flavors and food!","The best Indian cuisine I've had since visiting London! Excellent quality food, flavorful - plus more unusual stuff you don't see on menus (at least where I'm from in the Midwest)... 

The lunch specials are a dynamite value.

Service was friendly and timely. 

We're coming back for dinner!",Sad to hear from one of the waiters that they charge different prices for tourist and locals.  They charged us double the price for extra bread ($8) and than apologized when they found out we live near by. Promised not to do it next time but no worries we won't be back!,"Food quality poor. Ambience poor. Too much crowd, too much wait time, poor service. Beware: Don't think the web rating is reflecting right.",Tried the buffet. Very creamy with dry packet masalas driving taste of the food. Only saving grace was the fresh dosas which they could done more crisp.,870,3
Saffron Indian Cuisine 2,"16745 Cagan Crossings Blvd, Ste 103@104",3.5,"Excellent food, spotless restaurant and great service. Had the lamb kabob which was great and my wife had coconut curry chicken which was amazing!!!","I love this place! Their flavorful dishes are consistent, and they're run by some very sweet ppl. If you like really spicy food, ask for Indian Spicy...Amazing!! Love them, like I said consistency is something to be appreciated down here, and they consistently earn my business.","Saffron offers buffet style dining for lunch, but I prefer their food ala carte since I like it hot. Visited number of times, the service is always great as is their mango lassi.",I was really looking forward to trying the food. It was the worst meal I ever had. The chicken was dry and hard to eat. Couldn't stomach eating the whole meal. Will not waste my money on this again.,Supposed to open at 11:30. It is now noon and they still aren't open. We have an appointment at 1. They just lost business.,Slowest service I have ever encountered!  Food came it wrong and had to be remade - then flavor was still mediocre.  Waited 30 minutes just to pay my bill.  Finally had to tell the guy to ring me out or I was leaving.  Yikes - would not recommend at all.,70,2
Savannah Bar and Grille,3011 Maingate Ln,2.5,We were treated like royalty by staff which was attentive even though we were there for breakfast buffet with our hotel stay at Radisson Park Inn. Food was typical for a buffet.,"Besides it being convenient, the food was actually good except for the burgers. There could have been ore options for burger toppings. Staff was really nice and attentive. Overall I really liked it.",Bad food ! Go somewhere else I'm not kidding. Do not eat here for breakfast at least ....! Not even for convenience walk some where or eat at the the gas station down the street it has better food even.  And and they automatically add a tip for  lazy service.,Bad food ! Go somewhere else I'm not kidding. Do not eat here for breakfast at least ....! Not even for convenience walk some where or eat at the the gas station down the street it has better food even.  And and they automatically add a tip for  lazy service.,"Besides it being convenient, the food was actually good except for the burgers. There could have been ore options for burger toppings. Staff was really nice and attentive. Overall I really liked it.",We were treated like royalty by staff which was attentive even though we were there for breakfast buffet with our hotel stay at Radisson Park Inn. Food was typical for a buffet.,9,1
SeaWorld Orlando,7007 SeaWorld Dr,3.5,I haven't went there and years and me and my family had an amazing time we went it was our first time back in over 15 years roller coasters are a great upgrade and my kids love them as well,"Great shows, fun for the whole family and a great way to get educated on the sea life. I suggest getting a pass so that you can visit as much as possible. The new sea lion high is a great show and a must see.","truly a wet place!! got the best rides shows and fish ever it will keep the family entertained you can even touch manta rays and dolphins. it is the best place ever... well everything at orlando is
Video link: http://www.youtube.com/watch?v=hje2uYLHBAE","Getting into the park is a nightmare! No organization or people to control the crowd. Staff upon entry seemed miserable. Dirty and smelly bathrooms. I recommend leaving the park well before it closes. Again, no organization. We were stuck like a herd of cattle for over an hour.","Sea world looks nice on the outside, but after my visit my fears were confirmed. Orcas and dolphins live in families, or pods, in the wild. Here, they are held in tiny tanks and forced to do tricks that put both the animals and the trainers in danger. Do your research before going to this park.","Poor service, attended a rock concert past Sunday. The clientele has totally changed. It seemed to go downhill where all the thugs hang out. Employees looked demoralized and most of them could not speak English. Tanks where the dolphins and orcas looked dilapidated. Don't think I will ever go back.",1116,2
Spice Indian Grill,"4498 N Alafaya Trl, Ste 306",4.5,"Stopped in to check this place out for supper. Was in the mood for paneer korma, but unfortunately it's not in the menu. However, they were more than happy to make it for me! The korma was excellent, as was the service. I'll definitely be back.","Had the Chicken Vindaloo- Indian Hot... Man oh man was this good! The perfect level of heat & the flavor was outstanding! Better than some of the other high end Indian restaurants I've gone to in the Orlando area. 
Will be back for more","Fantastic!! Started with chilli chicken and ended up ordering butter chicken, yellow daal, and tandoori chicken.  ALL OF THEM were Fantastic!! My wife and I were very happy. We will be back.",We came in with a large group and they accidently gave our appetizers to the table next to us. He realized his mistake then tried to serve us the half eaten appetizer! Soooo gross! Do not recommend unless youre okay with eating someone elses leftovers,Went for buffet. Food wasn't tasty. Server wasn't very polite. The only thing I liked was the dessert.,I would say I've had better Indian food. The taste wasn't flavorful.  Kind of disappointed.  The chutneys could be better.  First time here was hoping it would be better due to all the reviews.,94,3
Texas de Brazil,"5259 International Dr, Ste F1",4,"DELICIOUS!  Amazing salad bar, wonderful meat.  Come here with a good appetite!  Too bad they don't have one in SoCal.","Everything is delicious! The salad bar is great, everything tastes fresh. But don't fill up too much because the meat is the best part. My favorites are the flank steak and the house sirloin. And they have my favorite dessert in the world; the bananas foster pie! Soooo good!!!",Awesome!!! Good atmosphere! Even though I'm a vegetarian I still really enjoyed it. The salad bar is amazing! Everyone I was with had the whole meal and we all left very full and satisfied. If you sign up for their rewards program u will get discounts all the time. I just got one for my birthday:),It's not the same anymore. Service and food no longer up to par. It's now an overpriced franchise. Go to fogo de Chao.,"Never come here! Worst ever! Asked to be waited for 1 hour, and waited for 1 hour and 45 mins! Worst attitude, worst service! Ever!","Cheap meat. Ok service: if you're looking for an AUTHENTIC Brazilian steakhouse, go to Fogo de Chão. As someone who has been to many steakhouses in Brasil, I say don't waste your time here. Salad bar is huge but filled with things you won't get anyways. Fogo for the win.",848,3
The Crystal Palace,1365 W Monorail Way,3.5,"Great food, great service excellent character interaction!  Kip was the best waiter ever!",Best food we've had this entire vacation! Great buffet has lots of light and healthy options and everything was fresh and delicious.,Great Service! Our waiter Vinnie was friendly and helped kick start our perfect day at the Magic Kingdom. Characters were awesome. I have to say they have some of the best grits on their buffet.,The buffet is like slop. We had reservations but still had to wait 30 minutes. Only 1 character came by our table. I just wanted to leave.,After a few great breakfasts here i have to say the lunch is not worth the visit.  If u cant get in for breakfast skip it. Nothing more than glorified nursing home buffet.,wow how times change. This was our fav in Disney and after our last vacay it was our worst. Nobody in our party of 6 enjoyed anything. it was really bad. Im saddened to write this because we love Disney and never had a bad experience here. DONT waste your time or MONEy!!,575,2
The Garden Gallery,1950 Magnolia Palm,3.5,Service has been great & Alvin makes the best omelets. Breakfast buffet is reasonably priced.,"A very good value. Buffet has many selections, and there's a small, low buffet area for children to serve themselves. On one particular evening, they had free face painting for the kids. There is a large dining area to accommodate several big families.",Place is ok. I was starving and did not want to do any more traveling. Hostess was pleasant along with my waiter. It was mexican night. Nice salad set up. Don't think it is worth $17.95 but im cheap.,Place is ok. I was starving and did not want to do any more traveling. Hostess was pleasant along with my waiter. It was mexican night. Nice salad set up. Don't think it is worth $17.95 but im cheap.,"A very good value. Buffet has many selections, and there's a small, low buffet area for children to serve themselves. On one particular evening, they had free face painting for the kids. There is a large dining area to accommodate several big families.",Service has been great & Alvin makes the best omelets. Breakfast buffet is reasonably priced.,21,2
The Knife - Lake Buena Vista,12501 State Rd 535,3,We visited from Texas and absolutely love it! You have to try the vacio and provoleta. Our waitress was from Honduras and like an idiot forgot to ask her name. She was super sweet and very attentive. I am from Argentina and loved it. Thank you,"Amazing food amazing service  the meats are so good and I love that its self service. The salad bar was great and varied. Loved it, great date place and they are in groupon.","Very good food, drink and wonderful salad bar, grill and all you can eat, beer or wine included",This place was horrible there food has no flavor but it's different and you get to experience what a argentine steak house is like.,"This use to be a good place... somehow this place has lost its self....food quality not good, they bring in charter buses so now you spend 20 minutes standing in line trying to get fed... only to find out that what you want is not ready.
This will be my last visit here.",Servicw horrible.  Food was not good.  It does not worth the price.  Salad bar horrible.,473,2
Tony's Brazilian Grill,5159 International Dr,4,"We loved this steak house in Orlando. Large and delicious salad bar. Brazilian style, we love the picanha, pao de queijo, etc... can't wait to go back! Delicious and priced right!","Best Brazilian food in town, staff are very nice and the selection is fantastic.
Very clean place. I highly recommend.","After eating burgers and fast food at the Disney Parks, it was great to find this gem! The food is delicious, they have a great variety of food, it's buffet style with coffee and dessert included. The place is very clean and the staff was very friendly.",This is the worse food I have ever tasted! If I could give it negative 5 stars I would. The reviews are so misleading and the food items are not what you expect them to be. Disappointing.,"Not worth $$$. Didn't even stay. Save your money! I thought it was a joke, their rate was $14.99 per adult and an 11 year old is considered adult price. They were 3 salads, 2-3 rice side orders and 4 meat dishes- that is all!","A few selection. The food is good in general; however, the steak was tough. Came with my husband, sister and mom. I asked for the check and was going to pay. I was a bit irritated the guy wont talk to me. Instead kept looking at my husband asking for details. A bit rude when I was going to pay.",53,3
Tropical Cabana,1875 Central Florida Pkwy,5,"Delicious, fresh, well-priced, and incredibly friendly.  Lunch special is great deal. Try the avocado salad and camerones. SO glad we found this place. Thanks, Yelp!","Great service , owner's son is a big Seattle Seahawks fan.
The good:  shrimp salad (more shrimp than anything), avocado salad, pine apple juice, mango juice, passion fruit juice.  Tilapia

What I would skip : beef dish, and Masai juice",My husband and I have been going here for years. One of the best breakfasts around.  I have never been disappointed here.  Ordered lechon for a family party.  Plenty of food!  Busy at lunch but most people get food to go. Love their soups with the big mutant carrots.,"Don't buy empanadas waste of money they are empty no meat or cheese. Bought 2 pizza empanadas & both of them almost nothing inside. 
Sorry no pictures I thought about doing a review after i throw them away.",I am on a quest to try to find a good Cuban sandwich. Do not go here! Very greasy could not finish it. Will never go back it took 30 min to get my order.,"La comida estaba fría y en extremo grasosa, el personal está como desorientado y es muy costoso para la calidad de la comida no volvería",150,3
U & Me Revolving Hot Pot,12384 S Apopka Vineland Rd,4,"An overall great experience! From Peanut the
Robot, staff and the amazing fresh and seasoned broth with numerous options for the best hot pot experience! Can't wait to go back!",this restaurant is great and everything there are fresh and tasty. will defintely return there to eat again.,"It is a great place! Very unique in the Orlando area, I really recommend if you want to taste some delicious hot pot. Also, the peach oolong tea is delicious !","This is currently reservation only, that's not stated anywhere so call before you go, and make sure it's not full as we drove from Davenport to eat here after calling to make sure the dining room was open got told yes  but wasn't told about needing dining reservations.","Absolutely awful service, first time at hot pot server took a hour and a half to take our drink orders. Pretty average food, the talking robots are the best part!",it's cool because of the robot.. sat us in the corner by the kitchen and did not enjoy the service or hot pot.. a wasted date night..,105,3
Villa de Flora,6000 W Osceola Pkwy,3.5,I have a gluten allergy and the chef Deddie from France was amazing. Got the breakfast buffet. The chef made us special gluten free pancakes and toast. Excellent server Leslie too!,"Amazing dining experience, beautiful atmosphere and top tier personnel. Thanks for an amazing experience Xiomara and Alex this is our new Orlando destination.","Awesome spanish buffet. 
And the view and environment is so beautiful you wouldn't want to leave. Come hungry and leave happy.","Ugh, overpriced hotel food.  When you are stuck at a convention center hotel they got you and you have to eat what is available and pay their high prices.","I've read that this is the best brunch in Orlando...really???   It's awful!  Don't waste your time or money.  My eggs were cold, bacon was drippy, and they ran out of croissants!  I could go on and on...but the only thing good was our server Phillip.   My recommendation is stick to Kekes.","Wish I could give it less than 1 star complete theives 255.00 for 3 adults and 2 kids under age 5 the book nothing out of this world but way too expensive, I got better food st sizzler. They have 1 price on the door and then scam you for another price say it's Holliday buffet",144,2
Whistle Stop Restaurant,2728 Cayman Cir,4,"Found this restaurant on yelp, almost didn't stop when we seen it was a gated community. Glad we did it is open to the public. The food was great and big portions.",Great food and great drinks for an amazing price.  The Whistle Stop Restaurant costs very little and has such a great atmosphere.  Great place for a quick meal any ole night of the week or a first date especially if you are on a budget.,,Great food and great drinks for an amazing price.  The Whistle Stop Restaurant costs very little and has such a great atmosphere.  Great place for a quick meal any ole night of the week or a first date especially if you are on a budget.,"Found this restaurant on yelp, almost didn't stop when we seen it was a gated community. Glad we did it is open to the public. The food was great and big portions.",,9,3